image_id,date,wse_m,boundary_area_m2,boundary_perimeter_m,perimeter_ratio,is_outlier,dem_extent_m2,pct_diff,expansion_volume_m3,expansion_pixel_count,excluded_from_volume_calc
20160131,2016-01-31,996.64014,41557667.21862876,83680.09919696339,1.281398816438473,False,39873125.49745897,-4.053504043688639,0.0,0.0,False
20160229,2016-02-29,994.9696,39239886.76989354,63930.50575145763,0.9789720039816058,False,37941329.60022982,-3.309278585023916,0.0,0.0,False
20160331,2016-03-31,996.647,42277580.13479829,97494.9267644509,1.4929461719526318,False,39879383.0501108,-5.672503196826898,0.0,0.0,False
20160430,2016-04-30,994.5314,38582519.65735152,63091.761022215935,0.9661282512416076,False,37520285.700371,-2.753148229856803,0.0,0.0,False
20160531,2016-05-31,995.095,39278395.50264004,63149.4040718117,0.9670109430194228,False,38064692.78108018,-3.0900007651236225,0.0,0.0,False
20160630,2016-06-30,995.095,39278395.50264004,63149.4040718117,0.9670109430194228,False,38064692.78108018,-3.0900007651236225,0.0,0.0,False
20160731,2016-07-31,995.25,39482584.12531015,65007.04270920443,0.9954570846249982,False,38240798.19142453,-3.1451485798002192,0.0,0.0,False
20160831,2016-08-31,995.1549,39465574.71693511,63871.249756428624,0.9780646130651786,False,38123692.56322601,-3.400133314499256,0.0,0.0,False
20160930,2016-09-30,996.20734,39686836.628802,84575.13696013455,1.2951045880783434,False,39328718.41674978,-0.9023601840624426,0.0,0.0,False
20161031,2016-10-31,995.5422,39654529.66293625,63986.54471215796,0.9798301322415498,False,38551887.95182978,-2.7806198194227134,0.0,0.0,False
20161130,2016-11-30,997.03,42373411.30315435,97024.17975040092,1.4857375922253808,False,40336184.39369437,-4.8077953764093655,0.0,0.0,False
20161231,2016-12-31,1005.42804,46576226.75202084,141225.37304359375,2.162593347830422,True,47043386.90036271,1.0030012753697255,,,True
20170131,2017-01-31,995.13104,39088510.348536365,66262.86278158663,1.0146875392952603,False,38099556.2887118,-2.5300377297739463,0.0,0.0,False
20170228,2017-02-28,995.3745,39922250.32171278,79907.3839865065,1.2236269823724073,False,38375782.54148543,-3.873698921691948,0.0,0.0,False
20170331,2017-03-31,996.391,42178056.7790169,106533.29352838488,1.631351271671516,False,39545944.88737759,-6.24047690349915,0.0,0.0,False
20170430,2017-04-30,995.32764,39961633.961306185,78771.52100162565,1.2062334384063957,False,38329297.86464327,-4.084758141379967,0.0,0.0,False
20170531,2017-05-31,994.629,38580718.39240239,65787.25352906466,1.007404503793183,False,37633815.58419705,-2.4543420850136575,0.0,0.0,False
20170630,2017-06-30,994.3882,38389965.671848126,65127.48820871026,0.9973014744141264,False,37388877.094682574,-2.6076829182987864,0.0,0.0,False
20170731,2017-07-31,994.6343,38720452.323481545,65129.98987270815,0.9973397825580792,False,37641861.00903512,-2.7855855232154103,0.0,0.0,False
20170831,2017-08-31,994.73535,39058086.17068561,63450.89373670644,0.9716276739204609,False,37738406.10709192,-3.3787627428200944,0.0,0.0,False
20170930,2017-09-30,994.9696,39257794.73941501,63270.7237079505,0.9688687185198209,False,37941329.60022982,-3.3533853542299283,0.0,0.0,False
20171031,2017-10-31,994.8624,39025838.88435794,63212.26820247077,0.9679735855520679,False,37840314.82170743,-3.03779264339064,0.0,0.0,False
20171130,2017-11-30,995.2952,39469149.39032672,62850.74815725901,0.9624376055221836,False,38283707.12389422,-3.003465452749369,0.0,0.0,False
20171231,2017-12-31,996.06036,40407729.99226193,71346.78324878388,1.0925379449717663,False,39107022.26565639,-3.2189576767975514,0.0,0.0,False
20180131,2018-01-31,995.01056,39075990.24582792,64889.7735304705,0.9936613340430029,False,37972617.36348897,-2.8236594271766506,0.0,0.0,False
20180228,2018-02-28,995.52856,39731583.46121744,76138.75427707333,1.1659177098499656,False,38534009.22996741,-3.014161850405489,0.0,0.0,False
20180331,2018-03-31,994.7385,38710593.17025892,63810.40951595758,0.9771329624949763,False,37741981.85146439,-2.502186712909126,0.0,0.0,False
20180430,2018-04-30,995.0038,38976572.4278579,62670.57586350199,0.9596786154374344,False,37967253.746930264,-2.5895521798274888,0.0,0.0,False
20180531,2018-05-31,995.66394,39782593.92648672,63029.68633590888,0.9651776975218107,False,38661842.09128336,-2.8171914513024823,0.0,0.0,False
20180630,2018-06-30,996.02435,40095152.73821832,63385.60638439992,0.970627924436691,False,39080204.18286283,-2.5313497668461302,0.0,0.0,False
20180731,2018-07-31,996.0737,40216054.851959534,64284.79393342609,0.9843972420179989,False,39120431.30705316,-2.7243436705552084,0.0,0.0,False
20180831,2018-08-31,996.0741,40225008.11366882,63445.25932880657,0.9715413938648262,False,39120431.30705316,-2.7459952363323774,0.0,0.0,False
20180930,2018-09-30,996.3061,40451588.840500064,64284.39906407586,0.9843911953578863,False,39449399.78932079,-2.4775023179704747,0.0,0.0,False
20181031,2018-10-31,996.10535,40286805.39045461,63924.884023997,0.9788859181023642,False,39204461.29980631,-2.686596964336981,0.0,0.0,False
20181130,2018-11-30,996.3535,40531295.70274399,63864.82269612507,0.9779661950715912,False,39513763.18802532,-2.5104860258631865,0.0,0.0,False
20181231,2018-12-31,996.11707,40279641.58089712,63804.77055437758,0.9770466127085409,False,39210718.852458134,-2.653754319765178,0.0,0.0,False
20190131,2019-01-31,995.9934,40259044.41123036,63924.473263315645,0.9788796280972617,False,39050704.29178992,-3.001412818192412,0.0,0.0,False
20190228,2019-02-28,995.9016,40132767.61257713,63445.25227952009,0.9715412859186426,False,38954159.19373312,-2.9367733374925593,0.0,0.0,False
20190331,2019-03-31,996.6245,41285307.81503262,77507.94541466699,1.1868842230356267,False,39849883.15903789,-3.4768413558299187,0.0,0.0,False
20190430,2019-04-30,995.56104,39760213.47055487,63566.17798809917,0.9733930291806275,False,38569766.67369215,-2.99406540597255,0.0,0.0,False
20190531,2019-05-31,995.68274,39734228.27099844,63209.03470344406,0.9679240707705901,False,38689554.11017004,-2.6291542740013396,0.0,0.0,False
20190630,2019-06-30,995.8043,39902603.250129536,62786.27468699568,0.9614503190672208,False,38849568.67083825,-2.639012228576504,0.0,0.0,False
20190731,2019-07-31,995.8399,39976041.43108542,63505.302380585614,0.9724608370325969,False,38902310.90033224,-2.6859351059163306,0.0,0.0,False
20190831,2019-08-31,996.031,40214262.76616743,64044.98378194784,0.9807250135285123,False,39084673.86332843,-2.8089260504592337,0.0,0.0,False
20190930,2019-09-30,996.0467,40268004.46304675,63627.02976843359,0.9743248564615103,False,39097188.96863209,-2.907557774533133,0.0,0.0,False
20191031,2019-10-31,995.9691,40181130.600622416,63566.166097729474,0.973392847102621,False,39027461.95336884,-2.871170198570028,0.0,0.0,False
20191130,2019-11-30,996.30743,40513386.83681382,64103.42855075688,0.9816199820849267,False,39451187.661507025,-2.6218473898153456,0.0,0.0,False
20191231,2019-12-31,996.3952,40559057.85809031,63684.66514044484,0.9752074306719731,False,39553990.312215656,-2.4780347447695323,0.0,0.0,False
20200131,2020-01-31,996.3269,40556372.64777933,63624.61333625535,0.9742878534779704,False,39476217.872114345,-2.663341677634302,0.0,0.0,False
20200229,2020-02-29,996.3853,40613689.873480745,63924.07950881134,0.9788735985088574,False,39537899.462539524,-2.6488369175332496,0.0,0.0,False
20200331,2020-03-31,996.4562,40636974.344307534,63264.28990315037,0.9687701972473176,False,39644277.85762063,-2.442840547812501,0.0,0.0,False
20200430,2020-04-30,996.3981,40556374.47579616,63804.76342274322,0.9770465035013588,False,39557566.05658813,-2.4627655507129185,0.0,0.0,False
20200531,2020-05-31,996.7081,40875201.20609371,64942.98541022565,0.9944761710280574,False,39948216.129280925,-2.2678422355376515,0.0,0.0,False
20200630,2020-06-30,996.6262,40817892.92649285,64821.6852275169,0.9926186934193024,False,39852564.967317246,-2.364962740516808,0.0,0.0,False
20200731,2020-07-31,996.8215,41072226.93122514,64461.770869695305,0.987107301385143,False,40062639.9492001,-2.458077044898445,0.0,0.0,False
20200831,2020-08-31,1235.2847,50425728.80670884,176760.78088948195,2.7067493657170734,True,174354189.53793147,245.7643422592133,,,True
20200930,2020-09-30,997.52,41692865.44302829,65120.74805813974,0.997198262048862,False,40747394.99652889,-2.2677032064187315,0.0,0.0,False
20201031,2020-10-31,997.07336,41338212.57739652,65240.84761882717,0.9990373544543025,False,40376411.5178847,-2.3266633933701453,0.0,0.0,False
20201130,2020-11-30,997.23596,41502104.85369536,65001.85243182905,0.9953776055690503,False,40502456.507014416,-2.4086690306550502,0.0,0.0,False
20201231,2020-12-31,997.2052,41559424.3756471,65779.72347407996,1.0072891955701082,False,40472062.67984839,-2.6164022051178355,0.0,0.0,False
20210131,2021-01-31,997.03217,41416131.58767506,65481.06318299048,1.0027157910546758,False,40337972.26588061,-2.6032352140664377,0.0,0.0,False
20210228,2021-02-28,997.2913,41603306.585886,65241.65083087247,0.999049654092736,False,40548047.24776346,-2.536479488581174,0.0,0.0,False
20210331,2021-03-31,997.5357,41807502.977738015,67273.4844223865,1.0301632543913897,False,40755440.42136696,-2.5164443734687194,0.0,0.0,False
20210430,2021-04-30,997.1044,41436726.26071028,65541.12402785747,1.0036355066891625,False,40397865.98411955,-2.5071002715186985,0.0,0.0,False
20210531,2021-05-31,997.2221,41561217.99545788,65658.82333230603,1.0054378438142777,False,40489047.465617634,-2.5797379902519233,0.0,0.0,False
20210630,2021-06-30,997.3091,41585395.466913566,65660.02731175866,1.005456280430157,False,40563244.16134647,-2.457957400886914,0.0,0.0,False
20210731,2021-07-31,997.23596,41545989.822513856,65300.10706391844,0.9999447982017582,False,40502456.507014416,-2.5117546120755727,0.0,0.0,False
20210831,2021-08-31,997.2337,41516436.174828224,65539.91675991635,1.0036170197164447,False,40499774.69873506,-2.4488168295851374,0.0,0.0,False
20210930,2021-09-30,997.24475,41546886.75983107,65120.75339286324,0.9971983437398309,False,40508714.059666246,-2.4987978188742774,0.0,0.0,False
20211031,2021-10-31,997.4221,41651668.32080373,66199.30277947303,1.0137142408376485,False,40646380.2180065,-2.4135602325804606,0.0,0.0,False
20211130,2021-11-30,997.9974,42288403.99582714,73262.99484218248,1.1218810180726615,False,41129105.7082905,-2.7414094124976462,0.0,0.0,False
20211231,2021-12-31,1427.7495,82022585.06821716,390450.3973415654,5.978992398823176,True,287791104.01030064,250.86812220188912,,,True
20220131,2022-01-31,997.01556,41319407.58960446,65541.11222799728,1.0036353259971338,False,40325457.16057695,-2.405529234348414,0.0,0.0,False
20220228,2022-02-28,997.12115,41519113.12690488,66077.90627230926,1.0118552882062317,False,40413062.89770256,-2.6639543716206906,0.0,0.0,False
20220331,2022-03-31,997.2195,41556706.71377592,68531.91883907077,1.049433742686451,False,40483683.849058926,-2.5820690559227786,0.0,0.0,False
20220430,2022-04-30,997.02405,41320301.73794521,65600.36631555128,1.0045426877042718,False,40332608.64932189,-2.3903336787986182,0.0,0.0,False
20220531,2022-05-31,997.3091,41465385.93554463,65780.52826942125,1.0073015194536563,False,40563244.16134647,-2.1756502534438797,0.0,0.0,False
20220731,2022-07-31,996.97034,41213725.33531933,65361.74889412642,1.00088872356788,False,40278972.48373479,-2.2680620205509108,0.0,0.0,False
20220831,2022-08-31,996.95337,41337319.78330639,64641.12560072835,0.9898537720785804,False,40253942.27312747,-2.6208218526456895,0.0,0.0,False
20220930,2022-09-30,997.19775,41577333.360946566,65240.45135863503,0.999031286496137,False,40464911.191103436,-2.6755495841588144,0.0,0.0,False
20221031,2022-10-31,997.20557,41523601.117897816,65840.17887136244,1.0082149530114652,False,40473850.552034624,-2.5280817116093544,0.0,0.0,False
20221130,2022-11-30,997.20557,41533449.65458456,65539.51032155185,1.0036107958992622,False,40473850.552034624,-2.551194546473151,0.0,0.0,False
20221231,2022-12-31,996.9856,41363290.69563732,65839.36700519909,1.0082025208519578,False,40295063.33341092,-2.582549270769389,0.0,0.0,False
20230131,2023-01-31,997.2963,41722376.16631912,71466.01599452957,1.0943637637834724,False,40550729.05604281,-2.8081984247630896,0.0,0.0,False
20230228,2023-02-28,1349.6826,51035574.08915076,157561.36270120178,2.412747422855344,True,253716941.94890156,397.13743105093675,,,True
20230331,2023-03-31,996.82605,41061479.41517182,64522.21201276496,0.9880328405508095,False,40069791.437945046,-2.415129682006422,0.0,0.0,False
20230430,2023-04-30,996.9558,41123274.19853759,64761.62563688808,0.9916989969910465,False,40259305.889686175,-2.1009229583235314,0.0,0.0,False
20230531,2023-05-31,997.48645,41751075.66425104,65660.4166695064,1.0054622426907411,False,40713425.424990386,-2.4853257616764335,0.0,0.0,False
20230630,2023-06-30,997.01636,41326570.69455277,65182.79977476655,0.9981484640324473,False,40326351.09667006,-2.4202821116598208,0.0,0.0,False
20230731,2023-07-31,996.9712,41205665.46879142,65482.26318948945,1.0027341668324563,False,40278972.48373479,-2.2489455624943013,0.0,0.0,False
20230831,2023-08-31,998.71246,43691854.05379771,93362.8468653485,1.4296713629723485,False,41649376.51448549,-4.674733044739448,0.0,0.0,False
20230930,2023-09-30,997.1367,41398217.08686378,65899.44004918677,1.0091224232923752,False,40423790.130819984,-2.353789666833246,0.0,0.0,False
20231031,2023-10-31,996.9856,41212827.63560062,64880.92576797128,0.9935258476788205,False,40295063.33341092,-2.226889914723817,0.0,0.0,False
20231130,2023-11-30,997.0746,41314929.04930169,64762.02408295641,0.9917050984216766,False,40377305.45397782,-2.2694546908333995,0.0,0.0,False
20231231,2023-12-31,997.11084,41477926.80838961,65120.73299316922,0.9971980313579859,False,40402335.66458514,-2.59316515208979,0.0,0.0,False
20240131,2024-01-31,996.79395,41154627.51705638,65303.711946249736,1.0,False,40027776.44156848,-2.738090813775158,0.0,0.0,False
20240229,2024-02-29,997.01556,41563879.325257264,71642.31214504834,1.0970633982340205,False,40325457.16057695,-2.979563469013733,0.0,0.0,False
20240331,2024-03-31,1002.2305,46611137.16079575,132498.79044841943,2.028962619421645,True,44357108.94054152,-4.835814694840941,,,True
20240430,2024-04-30,996.9656,41105360.93379036,64040.982245126856,0.9806637377342009,False,40272714.93108296,-2.0256384661080453,0.0,0.0,False
20240531,2024-05-31,997.2556,41660624.59324688,65180.78907585497,0.9981176740688807,False,40523017.03715614,-2.730654106120001,0.0,0.0,False
20240630,2024-06-30,997.4668,41760032.9667277,65480.65661102997,1.0027095651917286,False,40698228.511407375,-2.542633182704414,0.0,0.0,False
20240731,2024-07-31,997.7003,41894367.235350624,66200.89107957445,1.013738562580687,False,40883273.28268291,-2.4134365056468696,0.0,0.0,False
20240831,2024-08-31,997.839,42068113.23287405,65898.22413255984,1.0091038038817677,False,41014681.88837133,-2.504108845270282,0.0,0.0,False
20240930,2024-09-30,998.1597,42350217.074578494,65716.87416414199,1.0063267799881317,False,41249787.08086151,-2.598404612139612,0.0,0.0,False
20241031,2024-10-31,997.7546,42073487.43578592,66797.41487321303,1.0228731703366682,False,40935121.57608379,-2.705660807033284,0.0,0.0,False
20241130,2024-11-30,998.33813,42506047.43758934,66378.65208788338,1.016460628494111,False,41391028.983574234,-2.62319957096049,0.0,0.0,False
20241231,2024-12-31,998.1597,42390517.7464765,65777.73048931392,1.0072586768644076,False,41249787.08086151,-2.6910043242154313,0.0,0.0,False
20250131,2025-01-31,998.19714,42434400.041387424,66617.2627547646,1.0201144891977354,False,41281074.84412066,-2.717901504774182,0.0,0.0,False
20250228,2025-02-28,998.0885,42269615.49858672,65839.78011589216,1.0082088468429429,False,41201514.531833105,-2.5268764670672925,0.0,0.0,False
20250331,2025-03-31,998.1597,42352007.63982086,66256.94425363066,1.0145969084906767,False,41249787.08086151,-2.6025225730338297,0.0,0.0,False
20250430,2025-04-30,998.32947,42415594.50006479,65059.50154280597,0.9962603901651904,False,41377619.94217746,-2.4471531523287857,0.0,0.0,False
20250531,2025-05-31,998.3109,42474702.164095126,65718.4822505584,1.0063514047203022,False,41365104.8368738,-2.6123722373250575,0.0,0.0,False
20250630,2025-06-30,998.31903,42453207.56501009,66377.45506386356,1.0164422983872279,False,41369574.51733939,-2.552535155350262,0.0,0.0,False
20250731,2025-07-31,998.2953,42463060.365513004,65776.9308589444,1.007246432072409,False,41353483.667663254,-2.6130398711226888,0.0,0.0,False
20250831,2025-08-31,998.6614,42658292.644412,66077.59654048842,1.0118505452626592,False,41610937.26248139,-2.455221053175014,0.0,0.0,False
20250930,2025-09-30,998.6415,42717401.56497344,66495.96965755928,1.0182571200897566,False,41598422.15717773,-2.61949314986711,0.0,0.0,False
20251031,2025-10-31,998.82416,42858902.25950227,66795.83568104019,1.0228489880639342,False,41738770.12379734,-2.613534357279489,0.0,0.0,False
20251130,2025-11-30,999.3767,43256543.35156268,68709.16888924372,1.052147984264615,False,42195571.46738091,-2.4527431042255,0.0,0.0,False
20251231,2025-12-31,998.67163,42790841.30177179,66614.46959896642,1.0200717174208342,False,41623452.36778505,-2.728128025700681,0.0,0.0,False
